<?xml version="1.0" encoding="utf-8"?>
<rss version="2.0" xmlns:sparkle="http://www.andymatuschak.org/xml-namespaces/sparkle"  xmlns:dc="http://purl.org/dc/elements/1.1/">
	<channel>
		<title>Sketch Palettes</title>
		<link>http://sparkle-project.org/files/sparkletestcast.xml</link>
		<description>A Sketch plugin for exporting and importing fill presets. It supports colors, gradients, and pattern fills.</description>
		<language>en</language>
		<item>
			<title>Version 2.22</title>
			<description>
				<![CDATA[
				<ul>
					<li>Popover now stays open and updates to automatically show new presets when a palette is loaded</li>
				</ul>
				]]>
			</description>
			<enclosure url="https://github.com/andrewfiorillo/sketch-palettes/archive/2.22.zip" sparkle:version="2.22" />
		</item>
	</channel>
</rss>